{
	"name": "Sprite4",
	"plugin-id": "Sprite",
	"sid": 429971693097354,
	"isGlobal": false,
	"instanceVariables": [],
	"behaviorTypes": [
		{
			"behaviorId": "Sin",
			"name": "Sine",
			"sid": 918653912030586
		},
		{
			"behaviorId": "Pathfinding",
			"name": "Pathfinding",
			"sid": 980109474438747
		}
	],
	"effectTypes": [],
	"animations": {
		"items": [
			{
				"frames": [
					{
						"width": 1681,
						"height": 1792,
						"originX": 0.5,
						"originY": 0.5,
						"originalSource": "",
						"exportFormat": "lossless",
						"exportQuality": 0.8,
						"fileType": "image/png",
						"imageSpriteId": 170269,
						"collisionPoly": {
							"points": [
								0.4759071980963712,
								0.030133928571428572,
								0.908982748364069,
								0.9743303571428571,
								0.05770374776918501,
								0.9587053571428571
							]
						},
						"useCollisionPoly": true,
						"duration": 1,
						"tag": ""
					}
				],
				"sid": 244439125124121,
				"name": "Animation 1",
				"isLooping": false,
				"isPingPong": false,
				"repeatCount": 1,
				"repeatTo": 0,
				"speed": 5
			}
		],
		"subfolders": []
	}
}