{
	"name": "Sprite2",
	"plugin-id": "Sprite",
	"sid": 817611125753684,
	"isGlobal": false,
	"instanceVariables": [],
	"behaviorTypes": [],
	"effectTypes": [],
	"animations": {
		"items": [
			{
				"frames": [
					{
						"width": 2220,
						"height": 2400,
						"originX": 0.5,
						"originY": 0.5,
						"originalSource": "",
						"exportFormat": "lossless",
						"exportQuality": 0.8,
						"fileType": "image/png",
						"imageSpriteId": 6328502,
						"collisionPoly": {
							"points": [
								0.5211711711711712,
								0,
								1,
								0.23625,
								0.9995495495495496,
								0.7645833333333333,
								0.5216216216216216,
								1
							]
						},
						"useCollisionPoly": true,
						"duration": 1,
						"tag": ""
					}
				],
				"sid": 200591798115192,
				"name": "Animation 1",
				"isLooping": false,
				"isPingPong": false,
				"repeatCount": 1,
				"repeatTo": 0,
				"speed": 5
			}
		],
		"subfolders": []
	}
}