{
	"name": "Sprite3",
	"plugin-id": "Sprite",
	"sid": 732297709802685,
	"isGlobal": false,
	"instanceVariables": [],
	"behaviorTypes": [
		{
			"behaviorId": "Sin",
			"name": "Sine",
			"sid": 119345368517419
		},
		{
			"behaviorId": "Pathfinding",
			"name": "Pathfinding",
			"sid": 564255434610000
		},
		{
			"behaviorId": "Follow",
			"name": "Follow",
			"sid": 538869552854496
		}
	],
	"effectTypes": [],
	"animations": {
		"items": [
			{
				"frames": [
					{
						"width": 512,
						"height": 512,
						"originX": 0.5,
						"originY": 0.5,
						"originalSource": "",
						"exportFormat": "lossless",
						"exportQuality": 0.8,
						"fileType": "image/png",
						"imageSpriteId": 3210857,
						"collisionPoly": {
							"points": [
								0.484375,
								0.0390625,
								0.87890625,
								0.962890625,
								0.375,
								0.962890625,
								0.095703125,
								0.9375
							]
						},
						"useCollisionPoly": true,
						"duration": 1,
						"tag": ""
					}
				],
				"sid": 184640288076003,
				"name": "Animation 1",
				"isLooping": false,
				"isPingPong": false,
				"repeatCount": 1,
				"repeatTo": 0,
				"speed": 5
			}
		],
		"subfolders": []
	}
}