{
	"name": "Sprite",
	"plugin-id": "Sprite",
	"sid": 153556108144741,
	"isGlobal": false,
	"instanceVariables": [],
	"behaviorTypes": [
		{
			"behaviorId": "TileMovement",
			"name": "TileMovement",
			"sid": 965082275532272
		}
	],
	"effectTypes": [],
	"animations": {
		"items": [
			{
				"frames": [
					{
						"width": 368,
						"height": 368,
						"originX": 0.5,
						"originY": 0.5,
						"originalSource": "",
						"exportFormat": "lossless",
						"exportQuality": 0.8,
						"fileType": "image/png",
						"imageSpriteId": 910603,
						"collisionPoly": {
							"points": [
								0.4701086956521739,
								0.002717391304347826,
								0.5353260869565217,
								0.002717391304347826,
								0.8804347826086957,
								0.17391304347826086,
								0.9347826086956522,
								0.25,
								1,
								0.45652173913043476,
								1,
								0.5461956521739131,
								0.8804347826086957,
								0.8288043478260869,
								0.7744565217391305,
								0.9211956521739131,
								0.5380434782608695,
								1,
								0.46467391304347827,
								1,
								0.08423913043478261,
								0.7771739130434783,
								0.06793478260869565,
								0.25271739130434784,
								0.11684782608695653,
								0.18206521739130435,
								0.18206521739130435,
								0.11684782608695653
							]
						},
						"useCollisionPoly": true,
						"duration": 1,
						"tag": ""
					}
				],
				"sid": 237935955018482,
				"name": "Animation 1",
				"isLooping": false,
				"isPingPong": false,
				"repeatCount": 1,
				"repeatTo": 0,
				"speed": 5
			}
		],
		"subfolders": []
	}
}