{
	"name": "Sprite6",
	"plugin-id": "Sprite",
	"sid": 303925046339403,
	"isGlobal": false,
	"instanceVariables": [],
	"behaviorTypes": [],
	"effectTypes": [],
	"animations": {
		"items": [
			{
				"frames": [
					{
						"width": 225,
						"height": 232,
						"originX": 0.5,
						"originY": 0.5,
						"originalSource": "",
						"exportFormat": "lossless",
						"exportQuality": 0.8,
						"fileType": "image/png",
						"imageSpriteId": 1433399,
						"collisionPoly": {
							"points": [
								0.004524886877828055,
								0.004310344827586207,
								0.995475113122172,
								0.004310344827586207,
								0.995475113122172,
								0.9956896551724138,
								0.004524886877828055,
								0.9956896551724138
							]
						},
						"useCollisionPoly": true,
						"duration": 1,
						"tag": ""
					}
				],
				"sid": 589481573992491,
				"name": "Animation 1",
				"isLooping": false,
				"isPingPong": false,
				"repeatCount": 1,
				"repeatTo": 0,
				"speed": 5
			}
		],
		"subfolders": []
	}
}