{
	"name": "Sprite5",
	"plugin-id": "Sprite",
	"sid": 895200928480824,
	"isGlobal": false,
	"instanceVariables": [],
	"behaviorTypes": [
		{
			"behaviorId": "Sin",
			"name": "Sine",
			"sid": 618465395929923
		},
		{
			"behaviorId": "Pathfinding",
			"name": "Pathfinding",
			"sid": 679893078369080
		}
	],
	"effectTypes": [],
	"animations": {
		"items": [
			{
				"frames": [
					{
						"width": 650,
						"height": 650,
						"originX": 0.5,
						"originY": 0.5,
						"originalSource": "",
						"exportFormat": "lossless",
						"exportQuality": 0.8,
						"fileType": "image/png",
						"imageSpriteId": 1297744,
						"collisionPoly": {
							"points": [
								0.5211711711711712,
								0,
								1,
								0.23625,
								0.9995495495495496,
								0.7645833333333333,
								0.5216216216216216,
								1
							]
						},
						"useCollisionPoly": true,
						"duration": 1,
						"tag": ""
					}
				],
				"sid": 758320324622254,
				"name": "Animation 1",
				"isLooping": false,
				"isPingPong": false,
				"repeatCount": 1,
				"repeatTo": 0,
				"speed": 5
			}
		],
		"subfolders": []
	}
}