{
	"name": "TiledBackground",
	"plugin-id": "TiledBg",
	"sid": 502952136096469,
	"isGlobal": false,
	"instanceVariables": [],
	"behaviorTypes": [
		{
			"behaviorId": "Sin",
			"name": "Sine",
			"sid": 610566902494854
		},
		{
			"behaviorId": "Pathfinding",
			"name": "Pathfinding",
			"sid": 862040304914875
		}
	],
	"effectTypes": [],
	"image": {
		"width": 250,
		"height": 250,
		"originX": 0.5,
		"originY": 0.5,
		"originalSource": "",
		"exportFormat": "lossless",
		"exportQuality": 0.8,
		"fileType": "image/png",
		"imageSpriteId": 6834741,
		"useCollisionPoly": true,
		"tag": ""
	}
}