{
	"name": "Event sheet 1",
	"events": [
		{
			"eventType": "variable",
			"name": "apple",
			"type": "number",
			"initialValue": "0",
			"comment": "",
			"isStatic": false,
			"isConstant": false,
			"sid": 375876313240093
		},
		{
			"eventType": "block",
			"conditions": [
				{
					"id": "on-collision-with-another-object",
					"objectClass": "Sprite",
					"sid": 311839051042438,
					"parameters": {
						"object": "Sprite3"
					}
				}
			],
			"actions": [
				{
					"id": "destroy",
					"objectClass": "Sprite",
					"sid": 544084594928953
				},
				{
					"id": "restart-layout",
					"objectClass": "System",
					"sid": 616169191800347
				}
			],
			"sid": 346737349568472
		},
		{
			"eventType": "block",
			"conditions": [
				{
					"id": "on-collision-with-another-object",
					"objectClass": "Sprite",
					"sid": 295536840783043,
					"parameters": {
						"object": "wall"
					}
				}
			],
			"actions": [
				{
					"id": "destroy",
					"objectClass": "Sprite",
					"sid": 773883166742880
				},
				{
					"id": "restart-layout",
					"objectClass": "System",
					"sid": 299795398203219
				}
			],
			"sid": 296768017611328
		},
		{
			"eventType": "block",
			"conditions": [
				{
					"id": "on-collision-with-another-object",
					"objectClass": "Sprite",
					"sid": 225313332014356,
					"parameters": {
						"object": "Sprite6"
					}
				}
			],
			"actions": [
				{
					"id": "set-position",
					"objectClass": "Sprite6",
					"sid": 440005113551316,
					"parameters": {
						"x": "random(125,2095)",
						"y": "random(130,1081)"
					}
				},
				{
					"id": "add-to-eventvar",
					"objectClass": "System",
					"sid": 596134536200046,
					"parameters": {
						"variable": "apple",
						"value": "1"
					}
				},
				{
					"id": "set-size",
					"objectClass": "Sprite",
					"sid": 882449326170719,
					"parameters": {
						"width": "84",
						"height": "84"
					}
				},
				{
					"id": "add-to-eventvar",
					"objectClass": "System",
					"sid": 520956876370156,
					"parameters": {
						"variable": "apple",
						"value": "1"
					}
				},
				{
					"id": "set-size",
					"objectClass": "Sprite",
					"sid": 789132820697066,
					"parameters": {
						"width": "87",
						"height": "87"
					}
				},
				{
					"id": "add-to-eventvar",
					"objectClass": "System",
					"sid": 507584934940299,
					"parameters": {
						"variable": "apple",
						"value": "1"
					}
				},
				{
					"id": "set-size",
					"objectClass": "Sprite",
					"sid": 284623350276091,
					"parameters": {
						"width": "90",
						"height": "90"
					}
				}
			],
			"sid": 281376620926462
		},
		{
			"eventType": "block",
			"conditions": [],
			"actions": [],
			"sid": 685856467470306
		},
		{
			"eventType": "block",
			"conditions": [
				{
					"id": "compare-eventvar",
					"objectClass": "System",
					"sid": 397170196009034,
					"parameters": {
						"variable": "apple",
						"comparison": 0,
						"value": "10"
					}
				}
			],
			"actions": [],
			"sid": 579541195311390
		},
		{
			"eventType": "block",
			"conditions": [
				{
					"id": "on-collision-with-another-object",
					"objectClass": "Sprite",
					"sid": 208448658471111,
					"parameters": {
						"object": "Sprite4"
					}
				}
			],
			"actions": [
				{
					"id": "destroy",
					"objectClass": "Sprite",
					"sid": 157354865228695
				},
				{
					"id": "restart-layout",
					"objectClass": "System",
					"sid": 669006590677274
				}
			],
			"sid": 436255620644093
		},
		{
			"eventType": "block",
			"conditions": [
				{
					"id": "on-collision-with-another-object",
					"objectClass": "Sprite",
					"sid": 587462356957681,
					"parameters": {
						"object": "Sprite5"
					}
				}
			],
			"actions": [
				{
					"id": "destroy",
					"objectClass": "Sprite",
					"sid": 607361920092861
				},
				{
					"id": "restart-layout",
					"objectClass": "System",
					"sid": 283611580549968
				}
			],
			"sid": 939273130645679
		}
	],
	"sid": 296926364560513
}